matrix,samples,genes,pc1_explained_variance_ratio,pc2_explained_variance_ratio
Before ComBat,369,15622,0.8129204948504223,0.09971850353225475
After ComBat,369,15622,0.22670495441152988,0.05816723974316747
